,filename,date,frame
71,aabbd95b-10dc-4b78-a588-7611a2bdab00.jpg,2022-02-12,44
68,89a1103b-5ffc-43db-9f4e-b6932a8b4dd0.jpg,2022-02-12,195
67,68c643f1-d196-4721-aca7-2229c6fe47fb.jpg,2022-02-12,98
12,294f4aa9-0264-4c9b-abc5-4f97c8e513b8.jpg,2022-02-12,104
46,b07addc0-46b1-4603-b64d-8e186b5127b3.jpg,2022-02-12,168
82,1705af0c-d273-472a-9d20-01581a563699.jpg,2022-02-12,177
5,2a0d38f6-b41e-45d6-a49b-fedff1e1a5bb.jpg,2022-02-12,86
65,0465fe17-5ebc-459e-94a7-85e80f7e12b8.jpg,2022-02-22,6
7,9398294e-4700-4c66-9056-c9a4bccc5c6f.jpg,2022-02-22,217
47,40ad2d4f-1680-4caf-939f-c743c40e3221.jpg,2022-02-22,65
34,35984d0d-f3f2-49a2-b018-dfb4e1af59b7.jpg,2022-02-22,14
27,596740ec-ac5b-4ca2-821b-f67d99d919ee.jpg,2022-02-22,196
31,c37fc8c4-acba-43df-8e8c-10d09d56a501.jpg,2022-02-22,26
37,d901ec3b-4c9f-4017-a422-9e9cd2ebf26b.jpg,2022-02-22,55
35,831e5861-06de-4ce2-a3ea-33b1c5bc8f26.jpg,2022-02-22,7
95,70b38e84-c8e4-49e6-afa4-5ae5146f7d01.jpg,2022-02-25,131
64,ef6954d2-9780-44cc-a878-fe7a9d5b6733.jpg,2022-02-25,5
61,0c67698b-e39a-4045-be43-63e1c50d98a4.jpg,2022-02-25,154
17,086e3b07-006d-4146-8dd7-f84ff2423c24.jpg,2022-02-25,6
19,130b4b2c-fad7-4d09-baf6-6133ed9946b0.jpg,2022-02-25,53
25,d6b85f68-a4f4-4488-86fa-478a2dafef73.jpg,2022-02-31,103
77,3979415e-20fe-45cb-8fd0-a86e4efca633.jpg,2022-02-31,263
49,51c2e0e2-443b-428c-ab66-90ede27b23b6.jpg,2022-02-31,122
21,120a1dde-7632-46f0-a97a-aaf310d2e6d2.jpg,2022-02-31,397
86,a41518a5-7c27-4eaf-b847-05adf56e1b5b.jpg,2022-02-31,18
88,641bd148-1d48-4f62-8ba5-1d6026f38f77.jpg,2022-02-31,360
70,049d5429-e559-4595-a195-88cc7e5b0526.jpg,2022-02-31,33
10,34b4dcd8-7b6d-4590-847b-1398481c5ed7.jpg,2022-02-31,380
97,d1c95546-da22-4761-8714-69fcd5211e4e.jpg,2022-02-31,210
84,65cfb590-742e-4f9e-a56a-3ffad1dd36ae.jpg,2022-02-31,175
74,364844eb-df5f-46a0-befb-e8a7776fe081.jpg,2022-02-31,20
38,bca64d46-ac4e-4aca-831a-4ad6dc52c277.jpg,2022-03-01,433
51,123aaf5b-934e-4ce9-91dd-5d558785b596.jpg,2022-03-01,368
59,31dddc29-2b8d-4399-9a3e-aed7f20a8403.jpg,2022-03-01,254
4,2cc08549-7a1c-486d-b8b6-4bdb52e459eb.jpg,2022-03-01,62
14,935a0f87-5128-436c-ab99-7db67407bba0.jpg,2022-03-01,192
91,d2a02d74-a9b1-471d-b34d-7b840c2cdeff.jpg,2022-03-02,77
55,d8306a19-585e-4119-811a-f30f208a21d2.jpg,2022-03-02,523
53,b4b6bfd3-c107-4825-9ac8-90a23d913fe3.jpg,2022-03-02,535
2,25598ce7-291d-46b3-aff4-caf9a2794930.jpg,2022-03-02,493
3,4fb3ebf8-371f-4aac-a843-551d853e0011.jpg,2022-03-02,22
6,2a4f7e29-b98d-475b-a1fa-9459810652e5.jpg,2022-03-02,409
79,854b4ae9-4afc-4a01-9e7f-99aa9cbe9ea3.jpg,2022-03-02,88
89,4e6274f8-f64b-4765-9c8d-14f4e44b2cf1.jpg,2022-03-02,186
39,511695a1-1bc5-44d9-824b-c7c609f30df4.jpg,2022-03-02,9
81,57ac33ea-bf37-4611-a8ff-8a958650db91.jpg,2022-03-02,262
80,33cd2696-ab4d-4757-aed8-2309b204b98e.jpg,2022-03-02,298
72,5cb9aac8-7b47-48ad-8cbf-3b7804fa526d.jpg,2022-03-02,62
56,47900b40-3427-4dfc-b35b-0fae5938a06a.jpg,2022-03-02,78
42,055036a2-3e6a-4504-8460-1bcf6074ba7b.jpg,2022-03-02,49
69,4fe03867-cad4-45fa-8526-526d86bba09f.jpg,2022-03-05,590
90,f6d6cc4a-edff-4aa7-a888-3cd13f136823.jpg,2022-03-05,504
73,2d9b94b3-8fce-4592-9669-ef123bf031d0.jpg,2022-03-05,648
93,f6493360-9d30-4ef9-8456-1cc7ca557fb1.jpg,2022-03-05,109
94,44a9e672-00e1-4f69-aff5-d596979718c0.jpg,2022-03-05,791
63,c00d80f1-33c3-4f6b-bae3-d09d88c295d1.jpg,2022-03-05,843
60,ad334300-a504-471d-8b0d-00aad7e3870c.jpg,2022-03-05,54
75,d1800e47-6782-4bc9-9f7f-c89d63124f5b.jpg,2022-03-05,250
0,e87e7bfd-0331-4c39-8889-59c02f9b249f.jpg,2022-03-05,603
28,2d6b8886-f846-4254-a9fe-7c358cb51c5c.jpg,2022-03-05,300
26,f2819db9-62bd-48d2-8d1a-fe99a089c02f.jpg,2022-03-05,235
15,1027f418-7ee5-435e-b8d1-85f8d4f104b1.jpg,2022-03-05,486
29,62b5cd3b-c74b-4906-9a0e-b8678e223692.jpg,2022-03-05,407
30,5eaa45e8-4fd0-4e63-a334-8f41f1df3259.jpg,2022-03-05,377
36,62b865e7-04c0-4245-a3c2-2163932db7b0.jpg,2022-03-05,823
43,7e4eee3e-c678-42cb-9c61-3099f7e6ecba.jpg,2022-03-05,147
9,e8a7184b-d9b7-4b52-b7b7-f65bbd8cf197.jpg,2022-03-05,610
40,e2c6436d-aaa0-4a8c-9eaf-321e38d705db.jpg,2022-03-05,573
48,8b5ffa81-dee1-4866-b708-434f1e90c392.jpg,2022-03-05,12
98,e2509bdb-6a33-4b3d-91f4-05a373db3ede.jpg,2022-03-05,135
54,6791be23-c2f8-4677-8fec-6135dce7aa60.jpg,2022-03-05,203
1,30638d6c-9d3d-4b22-aebf-c051d8077c5d.jpg,2022-03-05,713
45,a081b19e-bef9-4afb-aa3b-d13e02a2e040.jpg,2022-03-05,708
66,aa134504-5df4-4d48-a884-6a3c0816b192.jpg,2022-03-10,4
18,6f5bf99a-fae2-4903-a8a1-aae93ed2c09b.jpg,2022-03-10,12
33,6a774a0b-f14b-491d-8159-7a94a7db793f.jpg,2022-03-10,11
78,ab9eb0f4-9b2a-4cc3-8652-745e59579060.jpg,2022-03-10,97
16,afed0773-770f-40c1-8ee8-64db8c147507.jpg,2022-03-15,1
13,ea341a8a-54b5-4804-8436-26f796dd4544.jpg,2022-03-15,51
8,e79dc290-8458-4e47-8fb6-445f641a4ac5.jpg,2022-03-15,20
92,07058984-2d3e-49b7-8f7c-30056e356151.jpg,2022-03-15,71
87,5f589a39-f349-4866-9b45-35248d893551.jpg,2022-03-15,14
11,c1978324-5b1f-40bc-89b9-045b9c250676.jpg,2022-03-15,55
96,d769546e-4dcd-41fe-8829-d4059d4c5297.jpg,2022-03-15,28
20,66bd6543-aee1-4989-8e2a-0c7ec0c5d23b.jpg,2022-03-15,0
57,845f3dc0-54f7-45f8-8afa-5b8d8532574e.jpg,2022-03-15,42
22,7f01301b-c9e0-459c-a7b4-ab1913ef38a0.jpg,2022-03-15,25
83,54c24462-2ea1-4b58-876f-b7bfe77a3511.jpg,2022-03-15,73
23,56321e57-b7f5-44bd-a4e4-03a2c78f1f13.jpg,2022-03-15,64
24,7d3c5bc7-680d-497c-9cba-fc16147523bf.jpg,2022-03-15,45
58,c143653b-9b83-46ab-8d87-c4b3ff366ffa.jpg,2022-03-15,5
76,941ba5aa-5a10-4689-9976-5d91a7cdcabb.jpg,2022-03-15,77
32,d52b7542-9885-45db-b6a7-8f41f2fe5833.jpg,2022-03-15,37
41,502eb00a-39a4-405f-82eb-11d3f88790d5.jpg,2022-03-15,77
50,73547803-ee83-4e1c-970a-e7f815fe834c.jpg,2022-03-15,23
62,521a8d23-147c-4438-9ae6-f1118bfe28d2.jpg,2022-03-15,74
52,12502b6e-5f8f-4367-a29f-28e23367f64f.jpg,2022-03-15,28
85,1765c2e5-4c66-45be-b8c1-a08158987b3e.jpg,2022-03-15,84
99,d128a9de-25fa-40b3-a6c8-d11d63c55f66.jpg,2022-03-15,54
44,47946285-8d14-4eb1-ad5c-624d58f9e09b.jpg,2022-03-21,1
